"Date de résultat du test","Cas confirmés","Annotations 1"
"2020-02-24 00:00:00",0
"2020-02-25 00:00:00",0
"2020-02-26 00:00:00",0
"2020-02-27 00:00:00",0
"2020-02-28 00:00:00",0
"2020-02-29 00:00:00",0
"2020-03-01 00:00:00",0
"2020-03-02 00:00:00",0
"2020-03-03 00:00:00",0
"2020-03-04 00:00:00",0
"2020-03-05 00:00:00",0
"2020-03-06 00:00:00",1
"2020-03-07 00:00:00",1
"2020-03-08 00:00:00",1
"2020-03-09 00:00:00",1
"2020-03-10 00:00:00",1
"2020-03-11 00:00:00",3
"2020-03-12 00:00:00",5
"2020-03-13 00:00:00",6
"2020-03-14 00:00:00",7
"2020-03-15 00:00:00",9
"2020-03-16 00:00:00",14
"2020-03-17 00:00:00",18
"2020-03-18 00:00:00",26
"2020-03-19 00:00:00",74
"2020-03-20 00:00:00",149
"2020-03-21 00:00:00",288
"2020-03-22 00:00:00",459
"2020-03-23 00:00:00",717
"2020-03-24 00:00:00",937
"2020-03-25 00:00:00",1186
"2020-03-26 00:00:00",1530
"2020-03-27 00:00:00",1963
"2020-03-28 00:00:00",2368
"2020-03-29 00:00:00",2868
"2020-03-30 00:00:00",3471
"2020-03-31 00:00:00",4224
"2020-04-01 00:00:00",4798
"2020-04-02 00:00:00",5513
"2020-04-03 00:00:00",6126
"2020-04-04 00:00:00",6749
"2020-04-05 00:00:00",7255
"2020-04-06 00:00:00",7867
"2020-04-07 00:00:00",8687
"2020-04-08 00:00:00",9240
"2020-04-09 00:00:00",10048
"2020-04-10 00:00:00",10611
"2020-04-11 00:00:00",11263
"2020-04-12 00:00:00",12084
"2020-04-13 00:00:00",12944
"2020-04-14 00:00:00",13995
"2020-04-15 00:00:00",14879
"2020-04-16 00:00:00",15741
"2020-04-17 00:00:00",16575
"2020-04-18 00:00:00",17262
"2020-04-19 00:00:00",17919
"2020-04-20 00:00:00",18618
"2020-04-21 00:00:00",19287
"2020-04-22 00:00:00",20082
"2020-04-23 00:00:00",20828
"2020-04-24 00:00:00",21604
"2020-04-25 00:00:00",22279
"2020-04-26 00:00:00",22883
"2020-04-27 00:00:00",23575
"2020-04-28 00:00:00",24383
"2020-04-29 00:00:00",25230
"2020-04-30 00:00:00",26041
"2020-05-01 00:00:00",26886
"2020-05-02 00:00:00",27644
"2020-05-03 00:00:00",28375
"2020-05-04 00:00:00",28945
"2020-05-05 00:00:00",29789
"2020-05-06 00:00:00",30665
"2020-05-07 00:00:00",31453
"2020-05-08 00:00:00",32145
"2020-05-09 00:00:00",32751
"2020-05-10 00:00:00",33421
"2020-05-11 00:00:00",33981
"2020-05-12 00:00:00",34610
"2020-05-13 00:00:00",35290
"2020-05-14 00:00:00",36005
"2020-05-15 00:00:00",36699
"2020-05-16 00:00:00",37435
"2020-05-17 00:00:00",38060
"2020-05-18 00:00:00",38605
"2020-05-19 00:00:00",39234
"2020-05-20 00:00:00",39892
"2020-05-21 00:00:00",40546
"2020-05-22 00:00:00",41058
"2020-05-23 00:00:00",41559
"2020-05-24 00:00:00",42101
"2020-05-25 00:00:00",42459
"2020-05-26 00:00:00",42856
"2020-05-27 00:00:00",43267
"2020-05-28 00:00:00",43651
"2020-05-29 00:00:00",44033
"2020-05-30 00:00:00",44400
"2020-05-31 00:00:00",44647
"2020-06-01 00:00:00",44901
"2020-06-02 00:00:00",45130
"2020-06-03 00:00:00",45364
"2020-06-04 00:00:00",45600
"2020-06-05 00:00:00",45836
"2020-06-06 00:00:00",46048
"2020-06-07 00:00:00",46205
"2020-06-08 00:00:00",46323
"2020-06-09 00:00:00",46494
"2020-06-10 00:00:00",46649
"2020-06-11 00:00:00",46790
"2020-06-12 00:00:00",46941
"2020-06-13 00:00:00",47047
"2020-06-14 00:00:00",47131
"2020-06-15 00:00:00",47222
"2020-06-16 00:00:00",47322
"2020-06-17 00:00:00",47437
"2020-06-18 00:00:00",47540
"2020-06-19 00:00:00",47636
"2020-06-20 00:00:00",47725
"2020-06-21 00:00:00",47800
"2020-06-22 00:00:00",47867
"2020-06-23 00:00:00",47944
"2020-06-24 00:00:00",48026
"2020-06-25 00:00:00",48095
"2020-06-26 00:00:00",48156
"2020-06-27 00:00:00",48230
"2020-06-28 00:00:00",48282
"2020-06-29 00:00:00",48315
"2020-06-30 00:00:00",48402
"2020-07-01 00:00:00",48485
"2020-07-02 00:00:00",48555
"2020-07-03 00:00:00",48642
"2020-07-04 00:00:00",48734
"2020-07-05 00:00:00",48787
"2020-07-06 00:00:00",48852
"2020-07-07 00:00:00",48957
"2020-07-08 00:00:00",49080
"2020-07-09 00:00:00",49201
"2020-07-10 00:00:00",49298
"2020-07-11 00:00:00",49406
"2020-07-12 00:00:00",49480
"2020-07-13 00:00:00",49617
"2020-07-14 00:00:00",49740
"2020-07-15 00:00:00",49895
"2020-07-16 00:00:00",50032
"2020-07-17 00:00:00",50209
"2020-07-18 00:00:00",50404
"2020-07-19 00:00:00",50515
"2020-07-20 00:00:00",50659
"2020-07-21 00:00:00",50852
"2020-07-22 00:00:00",51039
"2020-07-23 00:00:00",51200
"2020-07-24 00:00:00",51353
"2020-07-25 00:00:00",51498
"2020-07-26 00:00:00",51604
"2020-07-27 00:00:00",51717
"2020-07-28 00:00:00",51855
"2020-07-29 00:00:00",52028
"2020-07-30 00:00:00",52188
"2020-07-31 00:00:00",52311
"2020-08-01 00:00:00",52434
"2020-08-02 00:00:00",52536
"2020-08-03 00:00:00",52676
"2020-08-04 00:00:00",52824
"2020-08-05 00:00:00",52954
"2020-08-06 00:00:00",53060
"2020-08-07 00:00:00",53184
"2020-08-08 00:00:00",53304
"2020-08-09 00:00:00",53395
"2020-08-10 00:00:00",53477
"2020-08-11 00:00:00",53589
"2020-08-12 00:00:00",53689
"2020-08-13 00:00:00",53772
"2020-08-14 00:00:00",53837
"2020-08-15 00:00:00",53897
"2020-08-16 00:00:00",53945
"2020-08-17 00:00:00",53999
"2020-08-18 00:00:00",54088
"2020-08-19 00:00:00",54181
"2020-08-20 00:00:00",54288
"2020-08-21 00:00:00",54390
"2020-08-22 00:00:00",54479
"2020-08-23 00:00:00",54526
"2020-08-24 00:00:00",54580
"2020-08-25 00:00:00",54706
"2020-08-26 00:00:00",54838
"2020-08-27 00:00:00",54942
"2020-08-28 00:00:00",55073
"2020-08-29 00:00:00",55193
"2020-08-30 00:00:00",55312
"2020-08-31 00:00:00",55445
"2020-09-01 00:00:00",55631
"2020-09-02 00:00:00",55799
"2020-09-03 00:00:00",56017
"2020-09-04 00:00:00",56220
"2020-09-05 00:00:00",56440
"2020-09-06 00:00:00",56633
"2020-09-07 00:00:00",56784
"2020-09-08 00:00:00",56992
"2020-09-09 00:00:00",57241
"2020-09-10 00:00:00",57486
"2020-09-11 00:00:00",57832
"2020-09-12 00:00:00",58163
"2020-09-13 00:00:00",58449
"2020-09-14 00:00:00",58702
"2020-09-15 00:00:00",59027
"2020-09-16 00:00:00",59352
"2020-09-17 00:00:00",59714
"2020-09-18 00:00:00",60210
"2020-09-19 00:00:00",60660
"2020-09-20 00:00:00",61162
"2020-09-21 00:00:00",61672
"2020-09-22 00:00:00",62208
"2020-09-23 00:00:00",62869
"2020-09-24 00:00:00",63607
"2020-09-25 00:00:00",64397
"2020-09-26 00:00:00",65273
"2020-09-27 00:00:00",66195
"2020-09-28 00:00:00",67065
"2020-09-29 00:00:00",68040
"2020-09-30 00:00:00",69110
"2020-10-01 00:00:00",70225
"2020-10-02 00:00:00",71531
"2020-10-03 00:00:00",72571
"2020-10-04 00:00:00",73493
"2020-10-05 00:00:00",74300
"2020-10-06 00:00:00",75396
"2020-10-07 00:00:00",76393
"2020-10-08 00:00:00",77495
"2020-10-09 00:00:00",78557
"2020-10-10 00:00:00",79522
"2020-10-11 00:00:00",80504
"2020-10-12 00:00:00",81200
"2020-10-13 00:00:00",82226
"2020-10-14 00:00:00",83406
"2020-10-15 00:00:00",84580
"2020-10-16 00:00:00",85831
"2020-10-17 00:00:00",86727
"2020-10-18 00:00:00",87523
"2020-10-19 00:00:00",88405
"2020-10-20 00:00:00",89468
"2020-10-21 00:00:00",90441
"2020-10-22 00:00:00",91362
"2020-10-23 00:00:00",92390
"2020-10-24 00:00:00",93286
"2020-10-25 00:00:00",94181
"2020-10-26 00:00:00",94899
"2020-10-27 00:00:00",95971
"2020-10-28 00:00:00",96901
"2020-10-29 00:00:00",97917
"2020-10-30 00:00:00",98892
"2020-10-31 00:00:00",99959
"2020-11-01 00:00:00",100873
"2020-11-02 00:00:00",101702
"2020-11-03 00:00:00",102769
"2020-11-04 00:00:00",103911
"2020-11-05 00:00:00",105248
"2020-11-06 00:00:00",106510
"2020-11-07 00:00:00",107783
"2020-11-08 00:00:00",109000
"2020-11-09 00:00:00",110301
"2020-11-10 00:00:00",111567
"2020-11-11 00:00:00",112828
"2020-11-12 00:00:00",114224
"2020-11-13 00:00:00",115640
"2020-11-14 00:00:00",116778
"2020-11-15 00:00:00",117888
"2020-11-16 00:00:00",118921
"2020-11-17 00:00:00",120185
"2020-11-18 00:00:00",121433
"2020-11-19 00:00:00",122617
"2020-11-20 00:00:00",123762
"2020-11-21 00:00:00",124853
"2020-11-22 00:00:00",126128
"2020-11-23 00:00:00",127115
"2020-11-24 00:00:00",128393
"2020-11-25 00:00:00",129823
"2020-11-26 00:00:00",131197
"2020-11-27 00:00:00",132612
"2020-11-28 00:00:00",133885
"2020-11-29 00:00:00",135132
"2020-11-30 00:00:00",136543
"2020-12-01 00:00:00",138131
"2020-12-02 00:00:00",139738
"2020-12-03 00:00:00",141449
"2020-12-04 00:00:00",143043
"2020-12-05 00:00:00",144746
"2020-12-06 00:00:00",146245
"2020-12-07 00:00:00",147740
"2020-12-08 00:00:00",149490
"2020-12-09 00:00:00",151288
"2020-12-10 00:00:00",153109
"2020-12-11 00:00:00",155115
"2020-12-12 00:00:00",156983
"2020-12-13 00:00:00",158669
"2020-12-14 00:00:00",160554
"2020-12-15 00:00:00",162422
"2020-12-16 00:00:00",164548
"2020-12-17 00:00:00",166742
"2020-12-18 00:00:00",168771
"2020-12-19 00:00:00",170937
"2020-12-20 00:00:00",172933
"2020-12-21 00:00:00",174937
"2020-12-22 00:00:00",177145
"2020-12-23 00:00:00",179522
"2020-12-24 00:00:00",181939
"2020-12-25 00:00:00",184262
"2020-12-26 00:00:00",186322
"2020-12-27 00:00:00",188562
"2020-12-28 00:00:00",190711
"2020-12-29 00:00:00",193816
"2020-12-30 00:00:00",196825
"2020-12-31 00:00:00",199381
"2021-01-01 00:00:00",201811
"2021-01-02 00:00:00",204100
"2021-01-03 00:00:00",206443
"2021-01-04 00:00:00",208957
"2021-01-05 00:00:00",211594
"2021-01-06 00:00:00",214247
"2021-01-07 00:00:00",217046
"2021-01-08 00:00:00",219572
"2021-01-09 00:00:00",221558
"2021-01-10 00:00:00",223800
"2021-01-11 00:00:00",225642
"2021-01-12 00:00:00",227809
"2021-01-13 00:00:00",229862
"2021-01-14 00:00:00",231828
"2021-01-15 00:00:00",233837
"2021-01-16 00:00:00",235619
"2021-01-17 00:00:00",236995
"2021-01-18 00:00:00",238372
"2021-01-19 00:00:00",239950
"2021-01-20 00:00:00",241564
"2021-01-21 00:00:00",243240
"2021-01-22 00:00:00",244740
"2021-01-23 00:00:00",246130
"2021-01-24 00:00:00",247278
"2021-01-25 00:00:00",248456
"2021-01-26 00:00:00",249809
"2021-01-27 00:00:00",251077
"2021-01-28 00:00:00",252391
"2021-01-29 00:00:00",253671
"2021-01-30 00:00:00",254884
"2021-01-31 00:00:00",255802
"2021-02-01 00:00:00",256692
"2021-02-02 00:00:00",257872
"2021-02-03 00:00:00",258980
"2021-02-04 00:00:00",259987
"2021-02-05 00:00:00",261222
"2021-02-06 00:00:00",262302
"2021-02-07 00:00:00",263123
"2021-02-08 00:00:00",263874
"2021-02-09 00:00:00",264805
"2021-02-10 00:00:00",265959
"2021-02-11 00:00:00",266932
"2021-02-12 00:00:00",267968
"2021-02-13 00:00:00",268784
"2021-02-14 00:00:00",269501
"2021-02-15 00:00:00",270169
"2021-02-16 00:00:00",270977
"2021-02-17 00:00:00",271768
"2021-02-18 00:00:00",272627
"2021-02-19 00:00:00",273383
"2021-02-20 00:00:00",274136
"2021-02-21 00:00:00",274930
"2021-02-22 00:00:00",275550
"2021-02-23 00:00:00",276358
"2021-02-24 00:00:00",277200
"2021-02-25 00:00:00",277974
"2021-02-26 00:00:00",278852
"2021-02-27 00:00:00",279518
"2021-02-28 00:00:00",280091
"2021-03-01 00:00:00",280618
"2021-03-02 00:00:00",281443
"2021-03-03 00:00:00",282180
"2021-03-04 00:00:00",283045
"2021-03-05 00:00:00",283782
"2021-03-06 00:00:00",284470
"2021-03-07 00:00:00",285049
"2021-03-08 00:00:00",285645
"2021-03-09 00:00:00",286388
"2021-03-10 00:00:00",287103
"2021-03-11 00:00:00",288025
"2021-03-12 00:00:00",288843
"2021-03-13 00:00:00",289483
"2021-03-14 00:00:00",290054
"2021-03-15 00:00:00",290718
"2021-03-16 00:00:00",291772
"2021-03-17 00:00:00",292688
"2021-03-18 00:00:00",293514
"2021-03-19 00:00:00",294305
"2021-03-20 00:00:00",294905
"2021-03-21 00:00:00",295396
"2021-03-22 00:00:00",296471
"2021-03-23 00:00:00",297440
"2021-03-24 00:00:00",298473
"2021-03-25 00:00:00",299293
"2021-03-26 00:00:00",300192
"2021-03-27 00:00:00",301134
"2021-03-28 00:00:00",301994
"2021-03-29 00:00:00",302980
"2021-03-30 00:00:00",304244
"2021-03-31 00:00:00",305395
"2021-04-01 00:00:00",306700
"2021-04-02 00:00:00",308031
"2021-04-03 00:00:00",309275
"2021-04-04 00:00:00",310383
"2021-04-05 00:00:00",311603
"2021-04-06 00:00:00",313545
"2021-04-07 00:00:00",315157
"2021-04-08 00:00:00",317429
"2021-04-09 00:00:00",319332
"2021-04-10 00:00:00",320990
"2021-04-11 00:00:00",322403
"2021-04-12 00:00:00",323821
"2021-04-13 00:00:00",325363
"2021-04-14 00:00:00",326918
"2021-04-15 00:00:00",328600
"2021-04-16 00:00:00",330032
"2021-04-17 00:00:00",331262
"2021-04-18 00:00:00",332318
"2021-04-19 00:00:00",333472
"2021-04-20 00:00:00",334745
"2021-04-21 00:00:00",335880
"2021-04-22 00:00:00",336937
"2021-04-23 00:00:00",338171
"2021-04-24 00:00:00",339011
"2021-04-25 00:00:00",339915
"2021-04-26 00:00:00",340952
"2021-04-27 00:00:00",342056
"2021-04-28 00:00:00",343196
"2021-04-29 00:00:00",344296
"2021-04-30 00:00:00",345409
"2021-05-01 00:00:00",346304
"2021-05-02 00:00:00",347140
"2021-05-03 00:00:00",347995
"2021-05-04 00:00:00",348880
"2021-05-05 00:00:00",349807
"2021-05-06 00:00:00",350822
"2021-05-07 00:00:00",351844
"2021-05-08 00:00:00",352562
"2021-05-09 00:00:00",353245
"2021-05-10 00:00:00",353974
"2021-05-11 00:00:00",354792
"2021-05-12 00:00:00",355659
"2021-05-13 00:00:00",356551
"2021-05-14 00:00:00",357437
"2021-05-15 00:00:00",358063
"2021-05-16 00:00:00",358602
"2021-05-17 00:00:00",359164
"2021-05-18 00:00:00",359782
"2021-05-19 00:00:00",360568
"2021-05-20 00:00:00",361186
"2021-05-21 00:00:00",361777
"2021-05-22 00:00:00",362208
"2021-05-23 00:00:00",362584
"2021-05-24 00:00:00",362964
"2021-05-25 00:00:00",363423
"2021-05-26 00:00:00",363875
"2021-05-27 00:00:00",364303
"2021-05-28 00:00:00",364679
"2021-05-29 00:00:00",364996
"2021-05-30 00:00:00",365233
"2021-05-31 00:00:00",365500
"2021-06-01 00:00:00",365802
"2021-06-02 00:00:00",366100
"2021-06-03 00:00:00",366369
"2021-06-04 00:00:00",366602
"2021-06-05 00:00:00",366801
"2021-06-06 00:00:00",366966
"2021-06-07 00:00:00",367127
"2021-06-08 00:00:00",367331
"2021-06-09 00:00:00",367584
"2021-06-10 00:00:00",367789
"2021-06-11 00:00:00",367953
"2021-06-12 00:00:00",368095
"2021-06-13 00:00:00",368217
"2021-06-14 00:00:00",368330
"2021-06-15 00:00:00",368497
"2021-06-16 00:00:00",368666
"2021-06-17 00:00:00",368845
"2021-06-18 00:00:00",368980
"2021-06-19 00:00:00",369073
"2021-06-20 00:00:00",369170
"2021-06-21 00:00:00",369272
"2021-06-22 00:00:00",369382
"2021-06-23 00:00:00",369468
"2021-06-24 00:00:00",369549
"2021-06-25 00:00:00",369650
"2021-06-26 00:00:00",369725
"2021-06-27 00:00:00",369780
"2021-06-28 00:00:00",369875
"2021-06-29 00:00:00",369984
"2021-06-30 00:00:00",370062
"2021-07-01 00:00:00",370135
"2021-07-02 00:00:00",370188
"2021-07-03 00:00:00",370240
"2021-07-04 00:00:00",370277
"2021-07-05 00:00:00",370372
"2021-07-06 00:00:00",370452
"2021-07-07 00:00:00",370551
"2021-07-08 00:00:00",370613
"2021-07-09 00:00:00",370678
"2021-07-10 00:00:00",370742
"2021-07-11 00:00:00",370802
"2021-07-12 00:00:00",370854
"2021-07-13 00:00:00",370942
"2021-07-14 00:00:00",371027
"2021-07-15 00:00:00",371125
"2021-07-16 00:00:00",371206
"2021-07-17 00:00:00",371279
"2021-07-18 00:00:00",371338
"2021-07-19 00:00:00",371431
"2021-07-20 00:00:00",371542
"2021-07-21 00:00:00",371636
"2021-07-22 00:00:00",371767
"2021-07-23 00:00:00",371881
"2021-07-24 00:00:00",371978
"2021-07-25 00:00:00",372044
"2021-07-26 00:00:00",372167
"2021-07-27 00:00:00",372286
"2021-07-28 00:00:00",372418
"2021-07-29 00:00:00",372568
"2021-07-30 00:00:00",372738
"2021-07-31 00:00:00",372896
"2021-08-01 00:00:00",373032
"2021-08-02 00:00:00",373209
"2021-08-03 00:00:00",373413
"2021-08-04 00:00:00",373688
"2021-08-05 00:00:00",373974
"2021-08-06 00:00:00",374240
"2021-08-07 00:00:00",374508
"2021-08-08 00:00:00",374725
"2021-08-09 00:00:00",375009
"2021-08-10 00:00:00",375399
"2021-08-11 00:00:00",375790
"2021-08-12 00:00:00",376199
"2021-08-13 00:00:00",376600
"2021-08-14 00:00:00",377017
"2021-08-15 00:00:00",377347
"2021-08-16 00:00:00",377757
"2021-08-17 00:00:00",378181
"2021-08-18 00:00:00",378674
"2021-08-19 00:00:00",379278
"2021-08-20 00:00:00",379803
"2021-08-21 00:00:00",380186
"2021-08-22 00:00:00",380518
"2021-08-23 00:00:00",380931
"2021-08-24 00:00:00",381468
"2021-08-25 00:00:00",382115
"2021-08-26 00:00:00",382756
"2021-08-27 00:00:00",383261
"2021-08-28 00:00:00",383764
"2021-08-29 00:00:00",384182
"2021-08-30 00:00:00",384752
"2021-08-31 00:00:00",385458
"2021-09-01 00:00:00",386169
"2021-09-02 00:00:00",386929
"2021-09-03 00:00:00",387583
"2021-09-04 00:00:00",388214
"2021-09-05 00:00:00",388699
"2021-09-06 00:00:00",389300
"2021-09-07 00:00:00",389930
"2021-09-08 00:00:00",390695
"2021-09-09 00:00:00",391656
"2021-09-10 00:00:00",392535
"2021-09-11 00:00:00",393191
"2021-09-12 00:00:00",393807
"2021-09-13 00:00:00",394486
"2021-09-14 00:00:00",395235
"2021-09-15 00:00:00",396069
"2021-09-16 00:00:00",396888
"2021-09-17 00:00:00",397697
"2021-09-18 00:00:00",398338
"2021-09-19 00:00:00",398961
"2021-09-20 00:00:00",399605
"2021-09-21 00:00:00",400219
"2021-09-22 00:00:00",401002
"2021-09-23 00:00:00",401723
"2021-09-24 00:00:00",402503
"2021-09-25 00:00:00",403084
"2021-09-26 00:00:00",403577
"2021-09-27 00:00:00",404076
"2021-09-28 00:00:00",404642
"2021-09-29 00:00:00",405352
"2021-09-30 00:00:00",405939
"2021-10-01 00:00:00",406563
"2021-10-02 00:00:00",406959
"2021-10-03 00:00:00",407398
"2021-10-04 00:00:00",407876
"2021-10-05 00:00:00",408410
"2021-10-06 00:00:00",409023
"2021-10-07 00:00:00",409651
"2021-10-08 00:00:00",410249
"2021-10-09 00:00:00",410779
"2021-10-10 00:00:00",411200
"2021-10-11 00:00:00",411632
"2021-10-12 00:00:00",412215
"2021-10-13 00:00:00",412856
"2021-10-14 00:00:00",413545
"2021-10-15 00:00:00",414337
"2021-10-16 00:00:00",414764
"2021-10-17 00:00:00",415114
"2021-10-18 00:00:00",415535
"2021-10-19 00:00:00",416034
"2021-10-20 00:00:00",416445
"2021-10-21 00:00:00",416856
"2021-10-22 00:00:00",417303
"2021-10-23 00:00:00",417679
"2021-10-24 00:00:00",418021
"2021-10-25 00:00:00",418400
"2021-10-26 00:00:00",418853
"2021-10-27 00:00:00",419327
"2021-10-28 00:00:00",419883
"2021-10-29 00:00:00",420425
"2021-10-30 00:00:00",420963
"2021-10-31 00:00:00",421454
"2021-11-01 00:00:00",421938
"2021-11-02 00:00:00",422473
"2021-11-03 00:00:00",423114
"2021-11-04 00:00:00",423781
"2021-11-05 00:00:00",424378
"2021-11-06 00:00:00",424964
"2021-11-07 00:00:00",425466
"2021-11-08 00:00:00",425991
"2021-11-09 00:00:00",426714
"2021-11-10 00:00:00",427391
"2021-11-11 00:00:00",428090
"2021-11-12 00:00:00",428806
"2021-11-13 00:00:00",429317
"2021-11-14 00:00:00",429859
"2021-11-15 00:00:00",430452
"2021-11-16 00:00:00",431159
"2021-11-17 00:00:00",431952
"2021-11-18 00:00:00",432672
"2021-11-19 00:00:00",433438
"2021-11-20 00:00:00",434162
"2021-11-21 00:00:00",434824
"2021-11-22 00:00:00",435564
"2021-11-23 00:00:00",436449
"2021-11-24 00:00:00",437437
"2021-11-25 00:00:00",438610
"2021-11-26 00:00:00",439618
"2021-11-27 00:00:00",440435
"2021-11-28 00:00:00",441154
"2021-11-29 00:00:00",442076
"2021-11-30 00:00:00",443188
"2021-12-01 00:00:00",444479
"2021-12-02 00:00:00",445942
"2021-12-03 00:00:00",447335
"2021-12-04 00:00:00",448593
"2021-12-05 00:00:00",449745
"2021-12-06 00:00:00",451037
"2021-12-07 00:00:00",452594
"2021-12-08 00:00:00",454581
"2021-12-09 00:00:00",456562
"2021-12-10 00:00:00",458591
"2021-12-11 00:00:00",460306
"2021-12-12 00:00:00",461948
"2021-12-13 00:00:00",464112
"2021-12-14 00:00:00",466785
"2021-12-15 00:00:00",470145
"2021-12-16 00:00:00",474183
"2021-12-17 00:00:00",478508
"2021-12-18 00:00:00",483212
"2021-12-19 00:00:00",487616
"2021-12-20 00:00:00",494198
"2021-12-21 00:00:00",502480
"2021-12-22 00:00:00",513879
"2021-12-23 00:00:00",525672
"2021-12-24 00:00:00",537318
"2021-12-25 00:00:00",547900
"2021-12-26 00:00:00",558404
"2021-12-27 00:00:00",571850
"2021-12-28 00:00:00",587322
"2021-12-29 00:00:00",606097
"2021-12-30 00:00:00",624780
"2021-12-31 00:00:00",641773
"2022-01-01 00:00:00",656571
"2022-01-02 00:00:00",670701
"2022-01-03 00:00:00",684732
"2022-01-04 00:00:00",702391
"2022-01-05 00:00:00",720310,"<a style="color:white" href="/covid-19/donnees/methodologie?accordeon=depistage1&ancre=acces-restreint">Dépistage restreint</a>"
"2022-01-06 00:00:00",736715
"2022-01-07 00:00:00",750514
"2022-01-08 00:00:00",759800
"2022-01-09 00:00:00",768025
"2022-01-10 00:00:00",775446
"2022-01-11 00:00:00",782888
"2022-01-12 00:00:00",789803
"2022-01-13 00:00:00",796179
"2022-01-14 00:00:00",801693
"2022-01-15 00:00:00",806896
"2022-01-16 00:00:00",811153
"2022-01-17 00:00:00",815748
"2022-01-18 00:00:00",820957
"2022-01-19 00:00:00",825889
"2022-01-20 00:00:00",830407
"2022-01-21 00:00:00",834432
"2022-01-22 00:00:00",837680
"2022-01-23 00:00:00",840436
"2022-01-24 00:00:00",843899
"2022-01-25 00:00:00",848074
"2022-01-26 00:00:00",851745
"2022-01-27 00:00:00",855347
"2022-01-28 00:00:00",858604
"2022-01-29 00:00:00",861291
"2022-01-30 00:00:00",863807
"2022-01-31 00:00:00",866963
"2022-02-01 00:00:00",870772
"2022-02-02 00:00:00",874304
"2022-02-03 00:00:00",877215
"2022-02-04 00:00:00",880095
"2022-02-05 00:00:00",882335
"2022-02-06 00:00:00",884446
"2022-02-07 00:00:00",887380
"2022-02-08 00:00:00",890445
"2022-02-09 00:00:00",893114
"2022-02-10 00:00:00",895539
"2022-02-11 00:00:00",897668
"2022-02-12 00:00:00",899234
"2022-02-13 00:00:00",900809
"2022-02-14 00:00:00",902743
"2022-02-15 00:00:00",904725
"2022-02-16 00:00:00",906619
"2022-02-17 00:00:00",908329
"2022-02-18 00:00:00",909806
"2022-02-19 00:00:00",910976
"2022-02-20 00:00:00",912156
"2022-02-21 00:00:00",913775
"2022-02-22 00:00:00",915409
"2022-02-23 00:00:00",916863
"2022-02-24 00:00:00",918178
"2022-02-25 00:00:00",919222
"2022-02-26 00:00:00",920173
"2022-02-27 00:00:00",921083
"2022-02-28 00:00:00",922371
"2022-03-01 00:00:00",923570
"2022-03-02 00:00:00",924713
"2022-03-03 00:00:00",925931
"2022-03-04 00:00:00",926978
"2022-03-05 00:00:00",927785
"2022-03-06 00:00:00",928569
"2022-03-07 00:00:00",929861
"2022-03-08 00:00:00",931188
"2022-03-09 00:00:00",932419
"2022-03-10 00:00:00",933528
"2022-03-11 00:00:00",934528
"2022-03-12 00:00:00",935273
"2022-03-13 00:00:00",935992
"2022-03-14 00:00:00",937294
"2022-03-15 00:00:00",938720
"2022-03-16 00:00:00",940226
"2022-03-17 00:00:00",941576
"2022-03-18 00:00:00",942785
"2022-03-19 00:00:00",943731
"2022-03-20 00:00:00",944817
"2022-03-21 00:00:00",946524
"2022-03-22 00:00:00",948800
"2022-03-23 00:00:00",951176
"2022-03-24 00:00:00",953376
"2022-03-25 00:00:00",955515
"2022-03-26 00:00:00",957151
"2022-03-27 00:00:00",958921
"2022-03-28 00:00:00",961818
"2022-03-29 00:00:00",964960
"2022-03-30 00:00:00",968511
"2022-03-31 00:00:00",971609
"2022-04-01 00:00:00",974618
"2022-04-02 00:00:00",977010
"2022-04-03 00:00:00",979302
"2022-04-04 00:00:00",982741
"2022-04-05 00:00:00",986511
"2022-04-06 00:00:00",990077
"2022-04-07 00:00:00",993676
"2022-04-08 00:00:00",996653
"2022-04-09 00:00:00",999275
"2022-04-10 00:00:00",1001738
"2022-04-11 00:00:00",1004668
"2022-04-12 00:00:00",1008246
"2022-04-13 00:00:00",1011715
"2022-04-14 00:00:00",1014661
"2022-04-15 00:00:00",1017002
"2022-04-16 00:00:00",1018811
"2022-04-17 00:00:00",1020443
"2022-04-18 00:00:00",1022542
"2022-04-19 00:00:00",1025330
"2022-04-20 00:00:00",1028289
"2022-04-21 00:00:00",1030705
"2022-04-22 00:00:00",1032838
"2022-04-23 00:00:00",1034269
"2022-04-24 00:00:00",1035726
"2022-04-25 00:00:00",1037712
"2022-04-26 00:00:00",1039674
"2022-04-27 00:00:00",1041486
"2022-04-28 00:00:00",1043256
"2022-04-29 00:00:00",1044700
"2022-04-30 00:00:00",1045746
"2022-05-01 00:00:00",1046667
"2022-05-02 00:00:00",1048219
"2022-05-03 00:00:00",1049815
"2022-05-04 00:00:00",1051120
"2022-05-05 00:00:00",1052371
"2022-05-06 00:00:00",1053421
"2022-05-07 00:00:00",1054157
"2022-05-08 00:00:00",1054878
"2022-05-09 00:00:00",1055845
"2022-05-10 00:00:00",1056968
"2022-05-11 00:00:00",1057909
"2022-05-12 00:00:00",1058767
"2022-05-13 00:00:00",1059549
"2022-05-14 00:00:00",1060154
"2022-05-15 00:00:00",1060693
"2022-05-16 00:00:00",1061431
"2022-05-17 00:00:00",1062141
"2022-05-18 00:00:00",1062784
"2022-05-19 00:00:00",1063342
"2022-05-20 00:00:00",1063872
"2022-05-21 00:00:00",1064264
"2022-05-22 00:00:00",1064670
"2022-05-23 00:00:00",1065246
"2022-05-24 00:00:00",1065928
"2022-05-25 00:00:00",1066626
"2022-05-26 00:00:00",1067216
"2022-05-27 00:00:00",1067750
"2022-05-28 00:00:00",1068184
"2022-05-29 00:00:00",1068607
"2022-05-30 00:00:00",1069299
"2022-05-31 00:00:00",1070019
"2022-06-01 00:00:00",1070814
"2022-06-02 00:00:00",1071419
"2022-06-03 00:00:00",1071922
"2022-06-04 00:00:00",1072372
"2022-06-05 00:00:00",1072828
"2022-06-06 00:00:00",1073626
"2022-06-07 00:00:00",1074354
"2022-06-08 00:00:00",1075168
"2022-06-09 00:00:00",1075930
"2022-06-10 00:00:00",1076560
"2022-06-11 00:00:00",1077078
"2022-06-12 00:00:00",1077611
"2022-06-13 00:00:00",1078483
"2022-06-14 00:00:00",1079322
"2022-06-15 00:00:00",1080299
"2022-06-16 00:00:00",1081198
"2022-06-17 00:00:00",1081966
"2022-06-18 00:00:00",1082624
"2022-06-19 00:00:00",1083233
"2022-06-20 00:00:00",1084322
"2022-06-21 00:00:00",1085494
"2022-06-22 00:00:00",1086849
"2022-06-23 00:00:00",1087957
"2022-06-24 00:00:00",1088880
"2022-06-25 00:00:00",1089709
"2022-06-26 00:00:00",1090574
"2022-06-27 00:00:00",1092209
"2022-06-28 00:00:00",1093980
"2022-06-29 00:00:00",1095705
"2022-06-30 00:00:00",1097359
"2022-07-01 00:00:00",1098556
"2022-07-02 00:00:00",1099701
"2022-07-03 00:00:00",1100842
"2022-07-04 00:00:00",1102913
"2022-07-05 00:00:00",1104817
"2022-07-06 00:00:00",1106838
"2022-07-07 00:00:00",1108633
"2022-07-08 00:00:00",1110160
"2022-07-09 00:00:00",1111394
"2022-07-10 00:00:00",1112638
"2022-07-11 00:00:00",1114654
"2022-07-12 00:00:00",1116858
"2022-07-13 00:00:00",1119194
"2022-07-14 00:00:00",1121108
"2022-07-15 00:00:00",1123111
"2022-07-16 00:00:00",1124637
"2022-07-17 00:00:00",1126039
"2022-07-18 00:00:00",1128184
"2022-07-19 00:00:00",1130587
"2022-07-20 00:00:00",1132667
"2022-07-21 00:00:00",1134618
"2022-07-22 00:00:00",1136224
"2022-07-23 00:00:00",1137507
"2022-07-24 00:00:00",1138785
"2022-07-25 00:00:00",1140585
"2022-07-26 00:00:00",1142387
"2022-07-27 00:00:00",1143961
"2022-07-28 00:00:00",1145422
"2022-07-29 00:00:00",1146762
"2022-07-30 00:00:00",1147743
"2022-07-31 00:00:00",1148713
"2022-08-01 00:00:00",1150099
"2022-08-02 00:00:00",1151546
"2022-08-03 00:00:00",1152887
"2022-08-04 00:00:00",1153929
"2022-08-05 00:00:00",1155026
"2022-08-06 00:00:00",1155812
"2022-08-07 00:00:00",1156600
"2022-08-08 00:00:00",1157871
"2022-08-09 00:00:00",1159007
"2022-08-10 00:00:00",1160178
"2022-08-11 00:00:00",1161371
"2022-08-12 00:00:00",1162290
"2022-08-13 00:00:00",1163069
"2022-08-14 00:00:00",1163784
"2022-08-15 00:00:00",1165008
"2022-08-16 00:00:00",1166271
"2022-08-17 00:00:00",1167394
"2022-08-18 00:00:00",1168392
"2022-08-19 00:00:00",1169256
"2022-08-20 00:00:00",1169943
"2022-08-21 00:00:00",1170589
"2022-08-22 00:00:00",1171537
"2022-08-23 00:00:00",1172562
"2022-08-24 00:00:00",1173467
"2022-08-25 00:00:00",1174237
"2022-08-26 00:00:00",1174998
"2022-08-27 00:00:00",1175569
"2022-08-28 00:00:00",1176058
"2022-08-29 00:00:00",1176862
"2022-08-30 00:00:00",1177819
"2022-08-31 00:00:00",1178663
"2022-09-01 00:00:00",1179465
"2022-09-02 00:00:00",1180128
"2022-09-03 00:00:00",1180606
"2022-09-04 00:00:00",1181061
"2022-09-05 00:00:00",1181676
"2022-09-06 00:00:00",1182593
"2022-09-07 00:00:00",1183460
"2022-09-08 00:00:00",1184330
"2022-09-09 00:00:00",1184982
"2022-09-10 00:00:00",1185561
"2022-09-11 00:00:00",1186127
"2022-09-12 00:00:00",1187046
"2022-09-13 00:00:00",1187892
"2022-09-14 00:00:00",1188670
"2022-09-15 00:00:00",1189423
"2022-09-16 00:00:00",1190055
"2022-09-17 00:00:00",1190519
"2022-09-18 00:00:00",1191120
"2022-09-19 00:00:00",1192048
"2022-09-20 00:00:00",1192961
"2022-09-21 00:00:00",1193812
"2022-09-22 00:00:00",1194680
"2022-09-23 00:00:00",1195450
"2022-09-24 00:00:00",1196086
"2022-09-25 00:00:00",1196689
"2022-09-26 00:00:00",1197659
"2022-09-27 00:00:00",1198741
"2022-09-28 00:00:00",1199772
"2022-09-29 00:00:00",1200665
"2022-09-30 00:00:00",1201547
"2022-10-01 00:00:00",1202150
"2022-10-02 00:00:00",1202873
"2022-10-03 00:00:00",1203828
"2022-10-04 00:00:00",1204934
"2022-10-05 00:00:00",1205911
"2022-10-06 00:00:00",1206942
"2022-10-07 00:00:00",1207873
"2022-10-08 00:00:00",1208501
"2022-10-09 00:00:00",1209207
"2022-10-10 00:00:00",1209987
"2022-10-11 00:00:00",1211088
"2022-10-12 00:00:00",1212325
"2022-10-13 00:00:00",1213383
"2022-10-14 00:00:00",1214399
"2022-10-15 00:00:00",1215108
"2022-10-16 00:00:00",1215756
"2022-10-17 00:00:00",1216809
"2022-10-18 00:00:00",1217890
"2022-10-19 00:00:00",1218917
"2022-10-20 00:00:00",1219822
"2022-10-21 00:00:00",1220584
"2022-10-22 00:00:00",1221175
"2022-10-23 00:00:00",1221771
"2022-10-24 00:00:00",1222837
"2022-10-25 00:00:00",1223848
"2022-10-26 00:00:00",1224837
"2022-10-27 00:00:00",1225771
"2022-10-28 00:00:00",1226606
"2022-10-29 00:00:00",1227155
"2022-10-30 00:00:00",1227713
"2022-10-31 00:00:00",1228608
"2022-11-01 00:00:00",1229641
"2022-11-02 00:00:00",1230508
"2022-11-03 00:00:00",1231441
"2022-11-04 00:00:00",1232256
"2022-11-05 00:00:00",1232861
"2022-11-06 00:00:00",1233497
"2022-11-07 00:00:00",1234423
"2022-11-08 00:00:00",1235335
"2022-11-09 00:00:00",1236224
"2022-11-10 00:00:00",1236951
"2022-11-11 00:00:00",1237623
"2022-11-12 00:00:00",1238142
"2022-11-13 00:00:00",1238665
"2022-11-14 00:00:00",1239479
"2022-11-15 00:00:00",1240513
"2022-11-16 00:00:00",1241352
"2022-11-17 00:00:00",1242147
"2022-11-18 00:00:00",1242856
"2022-11-19 00:00:00",1243466
"2022-11-20 00:00:00",1244084
"2022-11-21 00:00:00",1245056
"2022-11-22 00:00:00",1246130
"2022-11-23 00:00:00",1247159
"2022-11-24 00:00:00",1248101
"2022-11-25 00:00:00",1248954
"2022-11-26 00:00:00",1249655
"2022-11-27 00:00:00",1250405
"2022-11-28 00:00:00",1251561
"2022-11-29 00:00:00",1252849
"2022-11-30 00:00:00",1254163
"2022-12-01 00:00:00",1255148
"2022-12-02 00:00:00",1256144
"2022-12-03 00:00:00",1256947
"2022-12-04 00:00:00",1257666
"2022-12-05 00:00:00",1258861
"2022-12-06 00:00:00",1260209
"2022-12-07 00:00:00",1261436
"2022-12-08 00:00:00",1262537
"2022-12-09 00:00:00",1263502
"2022-12-10 00:00:00",1264323
"2022-12-11 00:00:00",1265088
"2022-12-12 00:00:00",1266254
"2022-12-13 00:00:00",1267567
"2022-12-14 00:00:00",1268929
"2022-12-15 00:00:00",1270148
"2022-12-16 00:00:00",1271208
"2022-12-17 00:00:00",1272070
"2022-12-18 00:00:00",1272950
"2022-12-19 00:00:00",1274236
"2022-12-20 00:00:00",1275694
"2022-12-21 00:00:00",1276910
"2022-12-22 00:00:00",1277901
"2022-12-23 00:00:00",1278666
"2022-12-24 00:00:00",1279178
"2022-12-25 00:00:00",1279648
"2022-12-26 00:00:00",1280416
"2022-12-27 00:00:00",1281386
"2022-12-28 00:00:00",1282527
"2022-12-29 00:00:00",1283731
"2022-12-30 00:00:00",1284549
"2022-12-31 00:00:00",1285159
"2023-01-01 00:00:00",1285611
"2023-01-02 00:00:00",1286404
"2023-01-03 00:00:00",1287333
"2023-01-04 00:00:00",1288430
"2023-01-05 00:00:00",1289314
"2023-01-06 00:00:00",1290084
"2023-01-07 00:00:00",1290634
"2023-01-08 00:00:00",1291218
"2023-01-09 00:00:00",1292009
"2023-01-10 00:00:00",1292716
"2023-01-11 00:00:00",1293458
"2023-01-12 00:00:00",1294090
"2023-01-13 00:00:00",1294578
"2023-01-14 00:00:00",1295026
"2023-01-15 00:00:00",1295509
"2023-01-16 00:00:00",1296164
"2023-01-17 00:00:00",1296801
"2023-01-18 00:00:00",1297355
"2023-01-19 00:00:00",1297885
"2023-01-20 00:00:00",1298338
"2023-01-21 00:00:00",1298656
"2023-01-22 00:00:00",1298993
"2023-01-23 00:00:00",1299528
"2023-01-24 00:00:00",1300059
"2023-01-25 00:00:00",1300570
"2023-01-26 00:00:00",1300989
"2023-01-27 00:00:00",1301405
"2023-01-28 00:00:00",1301721
"2023-01-29 00:00:00",1302059
"2023-01-30 00:00:00",1302593
"2023-01-31 00:00:00",1303175
"2023-02-01 00:00:00",1303717
"2023-02-02 00:00:00",1304249
"2023-02-03 00:00:00",1304657
"2023-02-04 00:00:00",1304953
"2023-02-05 00:00:00",1305341
"2023-02-06 00:00:00",1305929
"2023-02-07 00:00:00",1306544
"2023-02-08 00:00:00",1307134
"2023-02-09 00:00:00",1307668
"2023-02-10 00:00:00",1308174
"2023-02-11 00:00:00",1308576
"2023-02-12 00:00:00",1308955
"2023-02-13 00:00:00",1309544
"2023-02-14 00:00:00",1310129
"2023-02-15 00:00:00",1310683
"2023-02-16 00:00:00",1311164
"2023-02-17 00:00:00",1311580
"2023-02-18 00:00:00",1311977
"2023-02-19 00:00:00",1312339
"2023-02-20 00:00:00",1312953
"2023-02-21 00:00:00",1313528
"2023-02-22 00:00:00",1314010
"2023-02-23 00:00:00",1314496
"2023-02-24 00:00:00",1314953
"2023-02-25 00:00:00",1315281
"2023-02-26 00:00:00",1315650
"2023-02-27 00:00:00",1316168
"2023-02-28 00:00:00",1316789
"2023-03-01 00:00:00",1317336
"2023-03-02 00:00:00",1317791
"2023-03-03 00:00:00",1318219
"2023-03-04 00:00:00",1318512
"2023-03-05 00:00:00",1318840
"2023-03-06 00:00:00",1319385
"2023-03-07 00:00:00",1319899
"2023-03-08 00:00:00",1320349
"2023-03-09 00:00:00",1320774
"2023-03-10 00:00:00",1321165
"2023-03-11 00:00:00",1321438
"2023-03-12 00:00:00",1321721
"2023-03-13 00:00:00",1322203
"2023-03-14 00:00:00",1322673
"2023-03-15 00:00:00",1323098
"2023-03-16 00:00:00",1323498
"2023-03-17 00:00:00",1323906
"2023-03-18 00:00:00",1324191
"2023-03-19 00:00:00",1324468
"2023-03-20 00:00:00",1324918
"2023-03-21 00:00:00",1325355
"2023-03-22 00:00:00",1325776
"2023-03-23 00:00:00",1326134
"2023-03-24 00:00:00",1326486
"2023-03-25 00:00:00",1326772
"2023-03-26 00:00:00",1327020
"2023-03-27 00:00:00",1327454
"2023-03-28 00:00:00",1327864
"2023-03-29 00:00:00",1328306
"2023-03-30 00:00:00",1328672
"2023-03-31 00:00:00",1329011
"2023-04-01 00:00:00",1329290
"2023-04-02 00:00:00",1329566
"2023-04-03 00:00:00",1329991
"2023-04-04 00:00:00",1330431
"2023-04-05 00:00:00",1330814
"2023-04-06 00:00:00",1331223
"2023-04-07 00:00:00",1331557
"2023-04-08 00:00:00",1331812
"2023-04-09 00:00:00",1332058
"2023-04-10 00:00:00",1332399
"2023-04-11 00:00:00",1332872
"2023-04-12 00:00:00",1333374
"2023-04-13 00:00:00",1333850
"2023-04-14 00:00:00",1334260
"2023-04-15 00:00:00",1334493
"2023-04-16 00:00:00",1334787
"2023-04-17 00:00:00",1335241
"2023-04-18 00:00:00",1335669
"2023-04-19 00:00:00",1336026
"2023-04-20 00:00:00",1336347
"2023-04-21 00:00:00",1336694
"2023-04-22 00:00:00",1336965
"2023-04-23 00:00:00",1337189
"2023-04-24 00:00:00",1337638
"2023-04-25 00:00:00",1337992
"2023-04-26 00:00:00",1338321
"2023-04-27 00:00:00",1338632
"2023-04-28 00:00:00",1338906
"2023-04-29 00:00:00",1339138
"2023-04-30 00:00:00",1339344
"2023-05-01 00:00:00",1339754
"2023-05-02 00:00:00",1340110
"2023-05-03 00:00:00",1340391
"2023-05-04 00:00:00",1340638
"2023-05-05 00:00:00",1340876
"2023-05-06 00:00:00",1341084
"2023-05-07 00:00:00",1341250
"2023-05-08 00:00:00",1341548
"2023-05-09 00:00:00",1341785
"2023-05-10 00:00:00",1342031
"2023-05-11 00:00:00",1342293
"2023-05-12 00:00:00",1342530
"2023-05-13 00:00:00",1342688
"2023-05-14 00:00:00",1342862
"2023-05-15 00:00:00",1343145
"2023-05-16 00:00:00",1343406
"2023-05-17 00:00:00",1343647
"2023-05-18 00:00:00",1343841
"2023-05-19 00:00:00",1344072
"2023-05-20 00:00:00",1344225
"2023-05-21 00:00:00",1344364
"2023-05-22 00:00:00",1344536
"2023-05-23 00:00:00",1344806
"2023-05-24 00:00:00",1345048
"2023-05-25 00:00:00",1345254
"2023-05-26 00:00:00",1345436
"2023-05-27 00:00:00",1345572
"2023-05-28 00:00:00",1345708
"2023-05-29 00:00:00",1345932
"2023-05-30 00:00:00",1346165
"2023-05-31 00:00:00",1346367
"2023-06-01 00:00:00",1346554
"2023-06-02 00:00:00",1346752
"2023-06-03 00:00:00",1346884
"2023-06-04 00:00:00",1346992
"2023-06-05 00:00:00",1347162
"2023-06-06 00:00:00",1347343
"2023-06-07 00:00:00",1347493
"2023-06-08 00:00:00",1347630
"2023-06-09 00:00:00",1347775
"2023-06-10 00:00:00",1347887
"2023-06-11 00:00:00",1347983
"2023-06-12 00:00:00",1348147
"2023-06-13 00:00:00",1348266
"2023-06-14 00:00:00",1348389
"2023-06-15 00:00:00",1348518
"2023-06-16 00:00:00",1348605
"2023-06-17 00:00:00",1348687
"2023-06-18 00:00:00",1348750
"2023-06-19 00:00:00",1348857
"2023-06-20 00:00:00",1348963
"2023-06-21 00:00:00",1349086
"2023-06-22 00:00:00",1349181
"2023-06-23 00:00:00",1349259
"2023-06-24 00:00:00",1349324
"2023-06-25 00:00:00",1349396
"2023-06-26 00:00:00",1349523
"2023-06-27 00:00:00",1349629
"2023-06-28 00:00:00",1349729
"2023-06-29 00:00:00",1349809
"2023-06-30 00:00:00",1349891
"2023-07-01 00:00:00",1349966
"2023-07-02 00:00:00",1350035
"2023-07-03 00:00:00",1350145
"2023-07-04 00:00:00",1350245
"2023-07-05 00:00:00",1350349
"2023-07-06 00:00:00",1350436
"2023-07-07 00:00:00",1350519
"2023-07-08 00:00:00",1350588
"2023-07-09 00:00:00",1350649
"2023-07-10 00:00:00",1350742
"2023-07-11 00:00:00",1350843
"2023-07-12 00:00:00",1350943
"2023-07-13 00:00:00",1351046
"2023-07-14 00:00:00",1351156
"2023-07-15 00:00:00",1351214
"2023-07-16 00:00:00",1351271
"2023-07-17 00:00:00",1351387
"2023-07-18 00:00:00",1351483
"2023-07-19 00:00:00",1351573
"2023-07-20 00:00:00",1351664
"2023-07-21 00:00:00",1351775
"2023-07-22 00:00:00",1351854
"2023-07-23 00:00:00",1351904
"2023-07-24 00:00:00",1352005
"2023-07-25 00:00:00",1352128
"2023-07-26 00:00:00",1352261
"2023-07-27 00:00:00",1352375
"2023-07-28 00:00:00",1352473
"2023-07-29 00:00:00",1352550
"2023-07-30 00:00:00",1352637
"2023-07-31 00:00:00",1352762
"2023-08-01 00:00:00",1352903
"2023-08-02 00:00:00",1353040
"2023-08-03 00:00:00",1353176
"2023-08-04 00:00:00",1353326
"2023-08-05 00:00:00",1353453
"2023-08-06 00:00:00",1353559
"2023-08-07 00:00:00",1353767
"2023-08-08 00:00:00",1353974
"2023-08-09 00:00:00",1354193
"2023-08-10 00:00:00",1354382
"2023-08-11 00:00:00",1354585
"2023-08-12 00:00:00",1354760
"2023-08-13 00:00:00",1354913
"2023-08-14 00:00:00",1355175
"2023-08-15 00:00:00",1355414
"2023-08-16 00:00:00",1355674
"2023-08-17 00:00:00",1355954
"2023-08-18 00:00:00",1356201
"2023-08-19 00:00:00",1356379
"2023-08-20 00:00:00",1356555
"2023-08-21 00:00:00",1356855
"2023-08-22 00:00:00",1357166
"2023-08-23 00:00:00",1357447
"2023-08-24 00:00:00",1357758
"2023-08-25 00:00:00",1358039
"2023-08-26 00:00:00",1358261
"2023-08-27 00:00:00",1358494
"2023-08-28 00:00:00",1358867
"2023-08-29 00:00:00",1359282
"2023-08-30 00:00:00",1359615
"2023-08-31 00:00:00",1359989
"2023-09-01 00:00:00",1360355
"2023-09-02 00:00:00",1360628
"2023-09-03 00:00:00",1360914
"2023-09-04 00:00:00",1361230
"2023-09-05 00:00:00",1361728
"2023-09-06 00:00:00",1362224
"2023-09-07 00:00:00",1362671
"2023-09-08 00:00:00",1363075
"2023-09-09 00:00:00",1363412
"2023-09-10 00:00:00",1363749
"2023-09-11 00:00:00",1364286
"2023-09-12 00:00:00",1364801
"2023-09-13 00:00:00",1365356
"2023-09-14 00:00:00",1365840
"2023-09-15 00:00:00",1366289
"2023-09-16 00:00:00",1366654
"2023-09-17 00:00:00",1367021
"2023-09-18 00:00:00",1367718
"2023-09-19 00:00:00",1368423
"2023-09-20 00:00:00",1369030
"2023-09-21 00:00:00",1369671
"2023-09-22 00:00:00",1370296
"2023-09-23 00:00:00",1370744
"2023-09-24 00:00:00",1371188
"2023-09-25 00:00:00",1372023
"2023-09-26 00:00:00",1372833
"2023-09-27 00:00:00",1373552
"2023-09-28 00:00:00",1374262
"2023-09-29 00:00:00",1374992
"2023-09-30 00:00:00",1375504
"2023-10-01 00:00:00",1376073
"2023-10-02 00:00:00",1377119
"2023-10-03 00:00:00",1377998
"2023-10-04 00:00:00",1378800
"2023-10-05 00:00:00",1379529
"2023-10-06 00:00:00",1380150
"2023-10-07 00:00:00",1380579
"2023-10-08 00:00:00",1380976
"2023-10-09 00:00:00",1381426
"2023-10-10 00:00:00",1382107
"2023-10-11 00:00:00",1382715
"2023-10-12 00:00:00",1383205
"2023-10-13 00:00:00",1383662
"2023-10-14 00:00:00",1384000
"2023-10-15 00:00:00",1384365
"2023-10-16 00:00:00",1384930
"2023-10-17 00:00:00",1385487